{
  "project_info": {
    "project_number": "102040981143",
    "firebase_url": "https://userdatabase-2d0ef.firebaseio.com",
    "project_id": "userdatabase-2d0ef",
    "storage_bucket": "userdatabase-2d0ef.appspot.com"
  },
  "client": [
    {
      "client_info": {
        "mobilesdk_app_id": "1:102040981143:android:b8017a505966a8ca",
        "android_client_info": {
          "package_name": "com.example.easiee"
        }
      },
      "oauth_client": [
        {
          "client_id": "102040981143-don8hpqg205k9g783hrirdiu826gujj6.apps.googleusercontent.com",
          "client_type": 3
        }
      ],
      "api_key": [
        {
          "current_key": "AIzaSyAhHeh4p3_CnbOr3ft4BqEfcyjChM_9ysc"
        }
      ],
      "services": {
        "analytics_service": {
          "status": 1
        },
        "appinvite_service": {
          "status": 1,
          "other_platform_oauth_client": []
        },
        "ads_service": {
          "status": 2
        }
      }
    }
  ],
  "configuration_version": "1"
}